0	Langues
1	{action}. Module : {module}. La déclaration, les notes d'origine et l'implémentation ci-dessous précisent les unités, les terminateurs et les conditions de retour.
2	Code de sortie de compilation : {build} / État de l'exécution : {runtime}
3	Capture d'émulateur pour {id}
4	{count} entrées. Ouvrez une entrée pour consulter sa syntaxe, ses arguments, les notes source et son exemple. Les fragments d'appel nécessitent une initialisation autour du code ; ce ne sont pas des ROM autonomes. Les nouveaux exemples montrent comment transmettre des valeurs préparées à l'API, sans constituer une validation sur le périphérique.
5	. Pour les tableaux et pointeurs, prévoyez un espace suffisant et conservez-le valide jusqu'à la fin du traitement.
6	. Ajoutez les unités qui fournissent les autres fonctions appelées.
7	. Les notes d'origine et les conditions de retour de l'implémentation définissent la signification des valeurs de réussite et d'échec.
8	000 au départ ; A incrémente une fois par appui
9	001 ; aucun rappel enregistré
10	001 ; exemple numérique de réserve, sans composition de projectiles sur l'arrière-plan
11	001 ; le journal de trace contient HP=42
12	042 après un pas ; cet exemple utilise des pixels entiers
13	042 et un son à onde rectangulaire
14	042 et un bref son à onde rectangulaire
15	042 en violet sur fond blanc ; mode CGB
16	042 : coordonnées en pixels entiers
17	042 : x du monde=52 moins x de la caméra=10
18	042 ; copie de données en ROM fixe, banque 0
19	042 ; intégration explicite dans le jeu à l'aide des constantes de l'en-tête
20	042 ; l'historique contient (20,30)
21	042 ; trois octets valant chacun 42
22	255 si la liaison est déconnectée ; 000 en cas de délai dépassé ; valeur du correspondant si connecté
23	4 en (3,8)
24	Un sprite à l'écran
25	HELLO WORLD et 042
26	Majuscules, minuscules, chiffres et les 30 glyphes de ponctuation fournis
27	Lettre A à la position du sprite
28	Le titre se déplace vers la gauche lorsque SCX augmente
29	Le titre défile horizontalement
30	Valeur de 000 à 009 ; la même graine reproduit la suite
31	Mouvement et collisions en 2D
32	Physique des AABB en 3D
33	Identifiants de ressources et descripteurs de données
34	Arrière-plan, fenêtre et défilement fractionné
35	Accès au code et aux données tenant compte des banques
36	Types entiers de base
37	Plateaux, listes de coups et annulation
38	Réserves de projectiles, éventails, impacts et frôlements
39	État des boutons, appuis, relâchements et répétition
40	Fonctions C pour NMI, OAM et transferts PPU
41	Palettes BG et OBJ de la CGB
42	Numéros et attributs de tuiles CGB
43	Physique des cercles
44	Rendu filaire couleur pour CGB
45	Fonctions intrinsèques du compilateur
46	Communication DMG-07 avec horloge externe
47	Opérations directes sur le PPU
48	Opérations sur disque FDS
49	Code d'overlay FDS
50	Déclarations de sauvegarde FDS
51	Audio FDS à table d'ondes
52	Calcul entier rapide
53	Interface intrinsèque de calcul en virgule fixe
54	Tableaux d'acteurs du jeu
55	Macros d'opérations pour les jeux
56	Répétition d'un bouton maintenu
57	Images composées de plusieurs sprites
58	Balayage du clavier
59	Interface d'entrée du pistolet optique
60	Chargement de fichiers FDS
61	Tables de correspondance
62	Interface d'entrée et de sortie MIDI
63	Banques et interruptions du mapper
64	Entrée microphone
65	Lecture musicale par interruption VBlank
66	Musique, effets sonores et commandes audio
67	Entrées des manettes NES
68	Palettes NES
69	Ressources et placement des tables de noms
70	Attributs des tables de noms
71	Opérations sur la copie de travail de l'OAM
72	Allocation d'OBJ, placement, métasprites et animation
73	Réserves d'objets fondées sur des tableaux fixes
74	Déclarations d'affichage PPU
75	Calcul en virgule fixe Q8.8 et rectangles
76	Mises à jour et transferts VRAM en file
77	Enregistrements en RAM et assertions
78	Commandes de ROB
79	Nombres aléatoires, texte, cartes, sauvegardes et services RPG/ADV/SLG
80	Tests de collision rectangulaire et autres formes
81	Opérations rectangulaires sur les cartes de tuiles
82	Tampons circulaires pour l'historique des positions
83	Enregistrement, changement et mise à jour des scènes
84	Tables de défilement par bandes et lignes
85	Communication série et paquets logiques
86	Implémentation de la rotation des sprites
87	Rotation des sprites avec priorités
88	Démarrage, compteurs d'images, attentes et interruptions
89	En-tête de regroupement de la bibliothèque
90	Files VRAM traitées par la NMI
91	Extension audio VRC6
92	Audio FM VRC7
93	Rendu filaire pour DMG
94	Coordonnées du monde et zones visibles
95	Rendu filaire monochrome de 128×120 pour DMG
96	Avancer d'une étape de traitement
97	Ajouter des données à la suite
98	Appliquer les mises à jour accumulées
99	Effacer le contenu ou l'état
100	Copier des données
101	Créer les données de dessin
102	Désactiver une fonction
103	Activer une fonction
104	Remplir une région
105	Obtenir un nombre d'éléments
106	Charger des données
107	Effectuer l'opération indiquée par les arguments
108	Préparer l'état initial
109	Lire une valeur
110	Retirer et récupérer des données
111	Réinitialiser l'état
112	Obtenir une valeur ou un état
113	Sauvegarder des données
114	Définir une valeur ou une condition de fonctionnement
115	Actualiser l'état
116	Attendre une condition
117	Écrire une valeur
118	Faire avancer la musique, les effets et les fondus, normalement une fois par image.
119	Allouer un emplacement de sprite libre. Vérifier la valeur d'échec avant d'utiliser le résultat.
120	Appliquer les mises à jour en file au PPU, normalement pendant la période sûre de NMI.
121	Modifier l'état de pause du pilote de musique et d'effets. Le jeu doit suspendre séparément sa propre logique.
122	Valider les mises à jour VRAM préparées pour leur traitement par la NMI.
123	Convertir un entier en Q8.8. L'entier 1 est représenté par 256.
124	Copier len octets de la source vers la destination. L'appelant doit fournir un espace suffisant et des banques accessibles.
125	Désactiver le rendu avant les mises à jour directes du PPU, notamment le chargement initial.
126	Diviser des valeurs Q8.8. Éviter les diviseurs nuls et les valeurs hors de la plage représentable.
127	Extraire la partie entière d'une valeur Q8.8. Consulter l'implémentation pour l'arrondi des valeurs négatives.
128	Remplir une région avec un octet répété. len est un nombre d'octets.
129	Obtenir la banque de placement d'un symbole. Cela diffère du passage d'une adresse numérique arbitraire.
130	Initialiser un objet libre et renvoyer son identifiant, ou 0xFF si la réserve est pleine.
131	Initialiser les entrées précédentes et courantes, les transitions et la répétition. Appeler une fois au démarrage.
132	Initialiser le matériel sonore et l'état du pilote. Inclure d'abord les définitions des registres APU.
133	Multiplier deux valeurs Q8.8 et renvoyer un résultat Q8.8. Respecter la plage d'entrée prise en charge.
134	Sur GB, la fonction d'attente appelle ce rappel de manière coopérative. L'implémentation FC actuelle le conserve seulement ; elle ne l'appelle pas automatiquement.
135	Regrouper les composantes RGB, chacune comprise entre 0 et 31, au format 15 bits de la Game Boy Color.
136	Lire la manette et actualiser les transitions d'appui et de relâchement, normalement une fois par image du jeu.
137	Renvoyer l'objet correspondant à un identifiant valide. Vérifier NULL pour les identifiants hors limites ou inactifs.
138	Choisir une palette BG et un emplacement de couleur, puis définir les composantes RGB entre 0 et 31.
139	Choisir une palette OBJ et un emplacement de couleur, puis définir les composantes RGB entre 0 et 31.
140	Définir les coordonnées de défilement NES, notamment pour les restaurer après les transferts PPU.
141	Démarrer un effet sonore avec la priorité demandée et mémoriser la banque ROM actuellement visible.
142	Démarrer la musique à partir d'un numéro de banque et de données au format de flux du pilote.
143	Tester l'appui initial puis les répétitions à l'intervalle configuré.
144	Tester si les boutons sélectionnés par mask sont actuellement maintenus.
145	Tester si les boutons sélectionnés par mask viennent d'être enfoncés lors de cette mise à jour.
146	Tester si les boutons sélectionnés par mask ont été relâchés lors de cette mise à jour.
147	Les huit bits de poids faible contiennent les boutons actuels ; les huit bits de poids fort, les nouveaux appuis. Fournir l'état précédent pour détecter les transitions.
148	Attendre l'avancement des images piloté par la NMI. Activer la NMI avant l'appel.
149	Attendre la prochaine mise à jour d'affichage. Éviter d'attendre accidentellement deux fois dans une même image de jeu.
150	 ; la traduction des manuels n'a pas entraîné la répétition de toutes les observations historiques.
151	Un en-tête public déclare cette API, mais son corps n'a pas été retrouvé dans les sources collectées. Cela ne prouve pas qu'elle puisse être liée ou exécutée. Identifiez l'unité de compilation qui la fournit avant utilisation.
152	Une réserve d'objets
153	Annexe : index des instructions assembleur
154	Arguments, de gauche à droite :
155	Ressource
156	Données en banques
157	Script de compilation par lot
158	Bits et mémoire
159	Plateau
160	Démarrer avec la RAM sauvegardée
161	Branchements et boucles
162	Journal de compilation
163	Comptes rendus de compilation, d'exécution et d'affichage
164	Exemple d'appel — fragment à intégrer dans du code
165	Coordonnées de caméra
166	Palette CGB
167	Vérifier les exigences de la carte
168	Vérifier le respect du contrat de l'émetteur
169	Choisir un manuel
170	Cercle
171	Vérifications des arguments par le générateur de code
172	Recueillir les diagnostics Famicom
173	Recueillir les diagnostics Game Boy
174	Référence de syntaxe des commandes
175	Comparer des résultats sauvegardés
176	Comparer deux résultats de diagnostic
177	Fonction intrinsèque du compilateur
178	Dictionnaire des fonctions intrinsèques
179	Tests de non-régression du compilateur
180	Vérifications de l'édition bilingue complète
181	Programme complet de cet exemple
182	Exemples de programmes complets
183	Consultez ces en-têtes pour les macros qui ne sont pas des fonctions, les structures, les limites des tableaux, les énumérations et les alias. Ils reproduisent fidèlement les sources collectées, commentaires d'origine compris.
184	Sommaire
185	Reprendre depuis un état sauvegardé
186	Copier
187	Créer un plan de correction
188	Créer un rapport à partir d'observations sauvegardées
189	Créer un plan de nouveaux tests
190	SYSTÈME DE DÉVELOPPEMENT
191	Danmaku
192	Débogage
193	Déclaration seule ; corps non retrouvé
194	Source de la déclaration ou de l'identifiant : 
195	Décrire un mapper
196	Décrire les plans de règles par domaine
197	Syntaxe des commandes de développement
198	Parcours de diagnostic
199	Diagnostics, comparaison et nouveaux tests
200	Afficher les instructions du processeur
201	Télécharger le source
202	Télécharger ce fragment
203	Chaque entrée consigne la compilation, une exécution de 120 images dans l'émulateur et sa capture d'écran. Les comparaisons de pixels constituent des éléments distincts. Un code de sortie nul ne prouve pas à lui seul le bon fonctionnement des commandes, du son ou du jeu. Les compilations de publication et les tests locaux ultérieurs sont documentés dans
204	Chaque programme, les en-têtes communs, le fichier ascii.c fourni et ses ressources converties sont inclus. Les noms commençant par m_ sont des fonctions écrites pour ces manuels. Lisez chaque commande de compilation avec son résultat attendu et son compte rendu de vérification. Lancez les commandes depuis le dossier parent des dépôts voisins.
205	Vérifications de l'édition anglaise dans le navigateur
206	Évaluer les conditions d'échec de la CI
207	Exécuter une séquence d'entrées enregistrée
208	Résultat attendu : 
209	Exporter les schémas JSON
210	Exporter les ressources d'une ROM
211	Exporter la RAM brute de sauvegarde sur pile depuis un état sauvegardé
212	Programmation C pour Famicom
213	Calcul en virgule fixe
214	Indicateurs
215	Format
216	De votre première ligne à l'exécution, à l'observation et aux nouveaux tests.
217	Fonctions, tableaux, structures et pointeurs
218	Programmation C pour Game Boy
219	Structure HTML et liens
220	Vérifications historiques de l'affichage dans le navigateur
221	Implémentation retrouvée
222	Implémentation à inclure :
223	Examiner une archive de reproduction
224	Examiner un fichier d'état
225	Examiner les informations de compilation
226	Examiner la structure du disque
227	Examiner l'en-tête de la ROM
228	Instruction
229	KITAQ SERIES — MANUEL DE LA SÉRIE KITAQ
230	KITAQ SERIES • ÉDITION DE RÉFÉRENCE
231	BIBLIOTHÈQUE KITAQFC
232	BIBLIOTHÈQUE KITAQFC — MANUEL DE LA SÉRIE KITAQ
233	KITAQFC — MANUEL DE LA SÉRIE KITAQ
234	BIBLIOTHÈQUE KITAQGB
235	BIBLIOTHÈQUE KITAQGB — MANUEL DE LA SÉRIE KITAQ
236	KITAQGB — MANUEL DE LA SÉRIE KITAQ
237	KOKURA — MANUEL DE LA SÉRIE KITAQ
238	KUROSAKI — MANUEL DE LA SÉRIE KITAQ
239	Dictionnaire de l'API de bibliothèque
240	Liaison
241	Lister les règles de diagnostic
242	Lister les règles observées
243	Lister les mappers enregistrés
244	Repérer les zones où se concentre l'exécution
245	Options longues reconnues par l'analyseur
246	Macro
247	Faire correspondre les plans aux capacités des outils
248	Mesurer les améliorations et régressions par rapport à une référence
249	Mouvement et physique
250	Exécution et analyse NES et FDS
251	Bibliothèques et périphériques NES
252	Nouvel exemple de passage d'arguments
253	Normaliser le format des événements
254	Observer le comportement du mapper
255	Notes de déclaration d'origine, sans modification
256	Valeurs de pixels et comparaisons de police
257	Placer un sprite
258	Historique des positions
259	Préparez l'initialisation des objets, la taille des tampons, les banques ROM et l'état des périphériques dans le code appelant. Ce fragment de fonction n'a pas été exécuté isolément.
260	Imprimer ce volume
261	Produire des diagnostics statiques et d'exécution
262	Manuels de programmation et d'utilisation
263	Lire les commandes de la manette
264	Lire l'implémentation actuelle
265	Enregistrer une trace chronologique des événements
266	Enregistrer un rejeu de référence
267	Retrouver des fonctions, des graphes de flot de contrôle et du pseudocode
268	Résultats et captures d'écran
269	Type de retour :
270	RLE
271	Nombres pseudo-aléatoires
272	Exécuter un nombre fixe d'images
273	Exécuter, observer et enregistrer
274	Journal d'exécution
275	SARAKURA — MANUEL DE LA SÉRIE KITAQ
276	Les compilations d'exemples, les exécutions dans l'émulateur et les comparaisons aux résultats attendus sont consignées séparément.
277	Sauvegarder l'état de la machine
278	Gestion des scènes
279	Défilement
280	Rechercher dans ce volume
281	Choisir un volume
282	Aller au contenu
283	Empreintes de la copie de référence
284	Son
285	Édition source 2026-09-14 •
286	Les extraits source et les notes de déclaration d'origine sont reproduits sans modification, y compris les commentaires dans leur langue initiale. L'explication traduite précède chaque déclaration.
287	Copie des sources : 14 septembre 2026 · Édition anglaise de référence : 14 septembre 2026
288	Source : 
289	Les noms ont été extraits de Program.cs, y compris les options de compatibilité et d'investigation. Consultez l'aide et le gestionnaire correspondant pour déterminer si chaque option reçoit une valeur.
290	Structures, constantes et en-têtes complets
291	Déplacement sous-pixel
292	Résumer les événements
293	Lettres, chiffres et symboles fournis
294	Exemple de syntaxe
295	Système
296	L'aide ci-dessous a été enregistrée pour cette édition des sources. Consultez-la pour les arguments facultatifs, les valeurs par défaut et les valeurs acceptées. Remplacez les noms de fichiers illustratifs par vos propres sorties. Les réponses enregistrées des outils conservent leur texte d'origine.
297	Les comptes rendus ci-dessous concernent la copie des sources du 12 septembre. Les deux compilateurs et l'outil KUROSAKI ont été compilés à partir des sources collectées. KOKURA et SARAKURA utilisaient des exécutables locaux dont les empreintes figurent dans l'inventaire. Ces vérifications ne couvrent pas toutes les fonctions, tous les périphériques ni le matériel physique.
298	Ces syntaxes proviennent de Program.DebugTools.cs et Program.VibeTools.cs. La comparaison de ROM, la recherche de symboles et les modèles sont des sous-commandes distinctes de la compilation C ordinaire.
299	Cette syntaxe reprend le nombre d'arguments du générateur de code. Les noms tels que arg0 servent d'explication, pas de déclaration de type. Suivez l'exemple et les exigences de l'implémentation.
300	Ce tableau est extrait d'AsmInfo.cs. Il décrit les noms internes du compilateur et les formats d'opérandes. Les entrées contenant des destinations de branchement ou des adresses mémoire sont des exemples de syntaxe, pas des programmes autonomes. Consultez les conventions d'appel et la génération de code pour les registres préservés et les changements d'indicateurs.
301	Outils pour créer un jeu
302	Transférer l'état vers une ROM autorisée par un contrat de compatibilité
303	MANUEL D'UTILISATION
304	VÉRIFICATION
305	VÉRIFICATION — MANUEL DE LA SÉRIE KITAQ
306	Valider le format des diagnostics
307	Variables, calculs et conversions
308	Vérification
309	Périmètre de vérification
310	État de la vérification
311	Sommaire du volume
312	File VRAM
313	Enregistrer l'audio PCM en WAV
314	Votre premier affichage
315	ex. input / __memcpy
316	vérifications de publication
